Barcode,Sample Number,Name
AAACAT,1,Control Rep1 Input
AAATCA,2,Control Rep1 Pool1
AACATA,3,Control Rep1 Pool2
AAGTTA,4,Control Rep1 Pool3
AATATG,5,LSG2h Rep1 Input
AATGTA,6,LSG2h Rep1 Pool1
AATTTC,7,LSG2h Rep1 Pool2
ACTAAA,8,LSG2h Rep1 Pool3
AGAATT,9,LSG6h Rep1 Input
AGTATA,10,LSG6h Rep1 Pool1
ATAAGT,11,LSG6h Rep1 Pool2
ATAGAT,12,LSG6h Rep1 Pool3
ATATGA,13,Control Rep2 Input
ATCTAT,14,Control Rep2 Pool1
ATGTAA,15,Control Rep2 Pool2
ATTATC,16,Control Rep2 Pool3
ATTGTT,17,LSG2h Rep2 Input
ATTTTG,18,LSG2h Rep2 Pool1
CATAAA,19,LSG2h Rep2 Pool2
CTAAAA,20,LSG2h Rep2 Pool3
CTTAAT,21,LSG6h Rep2 Input
GAATAT,22,LSG6h Rep2 Pool1
GATTAA,23,LSG6h Rep2 Pool2
GTTAAA,24,LSG6h Rep2 Pool3
TAAAAC,25,Control Rep3 Input
TAACAA,26,Control Rep3 Pool1
TAATAG,27,Control Rep3 Pool2
TACAAA,28,Control Rep3 Pool3
TAGAAT,29,LSG2h Rep3 Input
TATAAG,30,LSG2h Rep3 Pool1
TATCAT,31,LSG2h Rep3 Pool2
TATTAC,32,LSG2h Rep3 Pool3
TCAAAA,33,LSG6h Rep3 Input
TCTAAT,34,LSG6h Rep3 Pool1
TGAATA,35,LSG6h Rep3 Pool2
TGTATT,36,LSG6h Rep3 Pool3